,id,tweet,date,user_id,username,name,retweets_count,likes_count,reply_to,quote_url
0,1528696920729956352,Terminando el desafio de tripulaciones en @TheBridge_Tech,2022-05-23,1528649918306557952,nachooatm82,Nacho Esteban,0,0,[],
1,1528650844094271490,"""El libro de la inteligencia colectiva""   https://t.co/tUyIEoFlP9 artÃ­culo de @tiscar sobre la presentaciÃ³n que del libro de @arey haremos esta semana en @TheBridge_Tech  Plazas limitadas, inscripciones en  https://t.co/Oht7sRlBPh  https://t.co/wICvbVbVqi",2022-05-23,41545659,nodosenlared,Mario Lopez de Avila,3,6,[],
2,1528647207594909696,Este jueves nos vemos en @TheBridge_Tech para hablar sobre inteligencia colectiva a propÃ³sito del nuevo libro de @amaliorey y la compaÃ±Ã­a de @nodosenlared. En el blog avanzo algunos detalles:  https://t.co/rVXQw1TTf2,2022-05-23,4628161,tiscar,TÃ­scar Lara,0,1,[],https://twitter.com/arey/status/1528638307516694529
3,1528641426975760389,"Conoce las 25 ofertas de #empleo de la empresa sevillana @Galgus, creadora de tecnologÃ­a #WiFi de primer nivel mundial, y descubre tambiÃ©n ofertas de empleo en #Sevilla de @PFDrive @HotelColonGM  @GrupoElecnor @TheBridge_Tech @beteling, etc. Ver mÃ¡s:  https://t.co/9lJwB9yIAl  https://t.co/k8bFhZV5tx",2022-05-23,987388686,juanluispavon1,Juan Luis PavÃ³n,3,7,[],
4,1528638307516694529,#LastMinute La 2da presentaciÃ³n del #LibroIC en #Madrid serÃ¡ este jueves (18:30) en @TheBridge_Tech acompaÃ±ados por TÃ­scar Lara (@tiscar) y Mario LÃ³pez de Ãvila (@nodosenlared). +Info e inscripciones aquÃ­:  https://t.co/OVzv1SdR7x,2022-05-23,15993641,arey,Amalio A. Rey,2,3,[],
5,1527312943397806080,Â¡QuÃ© poco queda para el prÃ³ximo ğŸ”¥Burn MondayğŸ”¥! Lunes 23 de mayo a las 18h. aplicaremos la #IA en un viaje por obras pictÃ³ricas y hablaremos de la metodologÃ­a de un Hackaton con dos alumnis de #DataScience Â¡Saca tu entrada y ven a tomarte un @burn_es!ğŸ”‹â¬‡  https://t.co/6mNJvlmi9F,2022-05-19,1162694149956603904,thebridge_tech,The Bridge,2,0,[],
6,1526946552492789760,"Esta es la historia de IsisğŸ¤— que decidiÃ³ hacer un cambio en su vida profesional haciendo el #bootcamp de #uxui. Ahora, compagina su trabajo con el de Teacher Assistant en @TheBridge_Tech. El camino es duro pero seguro darÃ¡ sus frutosğŸ‘©â€ğŸ’»Â¡Gracias Isis por compartir tu experiencia!  https://t.co/1UHKZW0UxN",2022-05-18,1162694149956603904,thebridge_tech,The Bridge,0,0,[],
7,1526886949839065088,Gracias @victorianoI y equipo por el anÃ¡lisis con @graphext de los datos en educaciÃ³n y tecnologÃ­a que vimos ayer en la primera charla de #letstalkabouteducation en @TheBridge_Tech y que pudimos debatir con @ikerarceseco Sin duda aprendimos mucho Â¡Volved cuando querÃ¡is! ğŸ§µHilo ğŸ“Š  https://t.co/wZSVGve1sn,2022-05-18,1162694149956603904,thebridge_tech,The Bridge,0,0,[],https://twitter.com/victorianoi/status/1497844039881793536
8,1526842834741039105,"Â¿CÃ³mo combatir el paro juvenilğŸ¥µ? #tipdeldia En un paÃ­s con una tasa de paro rÃ©cord, hay que elegir bien dÃ³nde y quÃ© estudiar.  Si os querÃ©is especializar en el sector digital, os animamos a hacerlo con @TheBridge_Tech, que cuenta con un 92% de empleabilidad... Â¡Y CON BECA ğŸ‘‡!  https://t.co/2OBZSnVk7r",2022-05-18,1336771626306854912,bcasapp,Bcas,4,8,[],
9,1526576722350686208,Â¿Con ganas de probar si un empleo tecnolÃ³gico es para ti? Ven a los talleres del campus de #Sevilla @ENCamaraSevilla   24 Mayo â¡Taller #DataScience  25 Mayo â¡Taller #DesarrolloWebFullStack 26 Mayo â¡Taller #Ciberseguridad 1 Junio â¡ Open Day  ğŸŸEntradas  https://t.co/Cp05ZJBqVa  https://t.co/Vyqa1l94hr,2022-05-17,1162694149956603904,thebridge_tech,The Bridge,2,2,[],
10,1526479745185198080,Los perfiles tecnolÃ³gicos mÃ¡s demandados en el futuro @TheBridge_Tech  https://t.co/j93jBWSLij,2022-05-17,114739070,pdelapublicidad,PeriÃ³dico PublicidAD,2,1,[],
11,1526133158743359488,La 2da presentaciÃ³n-coloquio del #LibroIC en #Madrid serÃ¡ el J26Mayo(18:30) en @TheBridge_Tech con TÃ­scar Lara (@tiscar) y Mario LÃ³pez de Ãvila (@nodosenlared)  +InformaciÃ³n e inscripciones:  https://t.co/OVzv1SdR7x Â¡Â¡CompÃ¡rtelo!!,2022-05-16,15993641,arey,Amalio A. Rey,4,4,[],
12,1525556372129169411,"Sin desmerecer el espectÃ¡culo del 28 de mayo en Paris, el 26 a las 18:30 en Madrid, @arey presenta su #libroIC en @TheBridge_Tech Entradas aquÃ­  https://t.co/4MM6HyxTrf",2022-05-14,50588675,alberto_blanco,Alberto Blanco,0,1,[],
13,1525051913317801984,"Next week our CEO @victorianoi will be at @Thebridge_tech with @ikerarceseco to discuss the education sector ğŸ“ from a data-driven perspective. Join us online or at Paseo de Recoletos, 15, Madrid, to debate the challenges and opportunities the sector facesğŸš€",2022-05-13,2907682397,graphext,graphext,0,2,[],https://twitter.com/TheBridge_Tech/status/1524053162323283968
14,1525047381234003968,@TheBridge_Tech @ikerarceseco @victorianoi @graphext Hola @TheBridge_Tech. Â¿Por quÃ© es obligatorio dar el nÃºmero de telÃ©fono para un evento que es en lÃ­nea?,2022-05-13,577561266,apedreroes,Alberto Pedrero,0,0,"[{'screen_name': 'TheBridge_Tech', 'name': 'The Bridge', 'id': '1162694149956603904'}, {'screen_name': 'ikerarceseco', 'name': 'Iker Arce Seco', 'id': '14645579'}, {'screen_name': 'victorianoi', 'name': 'Victoriano Izquierdo', 'id': '10977452'}, {'screen_name': 'graphext', 'name': 'graphext', 'id': '2907682397'}]",
15,1524795347352051712,"Descubre las posibilidades y misterios que oculta el #metaverso con @HavasGroupES ğŸ˜ Hablaremos de tipos de metaverso, estrategias de onboarding, casos reales... Â¡Promete ser muy interesante! PrÃ³ximo 19 de mayo a las 17.30h. Consigue tus entradas ğŸŸ https://t.co/KxeTH2ICpc",2022-05-12,1162694149956603904,thebridge_tech,The Bridge,0,0,[],
16,1524738407603310594,"ğŸ“»Los #bootcamps son para ""cualquier persona que quiera un empleo tecnolÃ³gico de calidad"", como bien explican InÃ©s GarcÃ­a Clariana y @AmparoGalbis1 en ""La Tarde con Marina"" en @999plazaradio. Escucha la entrevista completa de nuestro equipo de #ValenciağŸ”Š https://t.co/7HNlE0vpmO",2022-05-12,1162694149956603904,thebridge_tech,The Bridge,0,0,[],
17,1524117624174653441,"ğŸ‘¾ El caso #Pegasus, un ejemplo mÃ¡s de #ciberespionaje que pone en relevancia la necesidad de expertos en #ciberseguridad  Te contamos quÃ©s es ğŸ•µï¸â€â™€ï¸ y para quÃ© fue creado ğŸ‘‡  https://t.co/kyzgkQDZ8N",2022-05-10,1162694149956603904,thebridge_tech,The Bridge,0,0,[],
18,1524053162323283968,Â¡â€Letâ€™s talk about educationâ€! Os invitamos a la primera sesiÃ³n del nuevo ciclo de conferencias sobre #educaciÃ³n @ikerarceseco y @victorianoi debatirÃ¡n sobre los datos en el sector y descubriremos @graphext plataforma de #datascience no code. EntradasğŸŸ  https://t.co/ksTzmzqqLQ,2022-05-10,1162694149956603904,thebridge_tech,The Bridge,0,1,[],
19,1523574457549623296,"Â¡Vamos con los talleres de mayo! Este mes tenemos un montÃ³n de #freeevents ğŸ‘©â€ğŸ’»Metaverso, OSINT, Sistemas de diseÃ±o UX/UI, un coloquio sobre educaciÃ³n ... Â¡No esperes mÃ¡s y saca ya tu entrada! ğŸŸ https://t.co/Nlwg6cTDOa  https://t.co/zWjT1I2AER",2022-05-09,1162694149956603904,thebridge_tech,The Bridge,0,0,[],
20,1522231140656066561,ğŸ‘ğŸš€Lanzamos una nueva ediciÃ³n de las #becas Digital Talent Pipeline para cursar un #bootcamp en junio y septiembre Â¿Quieres solicitar la tuya? Plazo hasta el 30 de mayo Â¡Date prisa #digitaltalent! â¡ https://t.co/PXFR0q85F7  https://t.co/qwiGSm4WOI,2022-05-05,1162694149956603904,thebridge_tech,The Bridge,1,0,[],
21,1522114536286920704,La 2da presentaciÃ³n del #LibroIC en #Madrid serÃ¡ el J26Mayo(18:30) en @TheBridge_Tech acompaÃ±ados por  TÃ­scar Lara (@tiscar) y Mario LÃ³pez de Ãvila (@nodosenlared) sobre impacto de la #IC en el diseÃ±o y gestiÃ³n de las organizaciones. +Info/inscripciones:  https://t.co/OVzv1SdR7x,2022-05-05,15993641,arey,Amalio A. Rey,2,4,[],
22,1521871017714589699,"ğŸ¤©Â¿Quieres conocer el talento digital que llevas dentro? Â¡Ven a nuestro Open Day y descÃºbrelo!   ğŸ“…Viernes 20 de mayo 11.15h en Paseo de Recoletos 15, Madrid.  ğŸŸSaca tus entradasğŸ‘‡ğŸ‘‡ https://t.co/qq3WqsydKv",2022-05-04,1162694149956603904,thebridge_tech,The Bridge,0,0,[],
23,1519712433740386308,"Â¡Gracias a todos por el dÃ­a de hoy! ğŸ˜ğŸ˜  De la mano de: @AccentureSpain , Bonus Studios, @Making_Science_ @SomosMiogroup , Silicon HR , y @TheBridge_Tech hemos podido acercar el futuro talento digital hacia el mundo laboral ğŸ” ğŸ”   #talent #empresas #marketing #BeGeneration  https://t.co/wLbzhtXb94",2022-04-28,2979740235,spaingeneration,Generation Spain,0,1,[],
24,1519706866703638529,En breve empezamos la charla sobre RV y PsicologÃ­a! Todo ready! @TheBridge_Tech  https://t.co/lW3fvKhcGZ,2022-04-28,3294953441,jm_torralba_,Jose Maria Torralba,1,15,[],
25,1519432213061943303,MaÃ±ana estarÃ© junto a @LucaMefisto en una mesa redonda en @TheBridge_Tech donde hablaremos de la relaciÃ³n que hay entre #psicologia y la #realidadvirtual. Pinta interesante!!â€¦,2022-04-27,3294953441,jm_torralba_,Jose Maria Torralba,1,6,[],https://twitter.com/TheBridge_Tech/status/1517147713254526978
26,1519359124219338752,"Acabo de escuchar la charla de @kairos_ds en @TheBridge_Tech. Ahora que todo lo que tengo que aprender me abruma. Escuchar que si llego a la meta, me esperarÃ¡ una empresa asÃ­ (ojalÃ¡), un equipo en el que se respire ese buen rollo y amor por el trabajo, me da fuerza para pelear",2022-04-27,604485175,bertinha84,Berta Otero,0,8,[],
27,1519338659111178242,@pmdr_1189 @TheBridge_Tech Lamentablemente,2022-04-27,53089020,gabinha,GabiÃ±a,0,1,"[{'screen_name': 'pmdr_1189', 'name': 'Paola D.', 'id': '35662075'}, {'screen_name': 'TheBridge_Tech', 'name': 'The Bridge', 'id': '1162694149956603904'}]",
28,1519225678335459328,Esto es hoy!  Nos vemos en @TheBridge_Tech con @quierodata para hablar de crecimiento dentro de @kairos_ds ğŸ§¡,2022-04-27,431035304,irnmm,Irene M Morgado ğŸŒ¿,1,5,[],https://twitter.com/kairos_ds/status/1518967719516909568
29,1519208638136602626,@burn_es Prueba de ello ğŸ“¸ğŸ”¥  https://t.co/7SWL2ionj3,2022-04-27,1162694149956603904,thebridge_tech,The Bridge,1,2,"[{'screen_name': 'burn_es', 'name': 'BURN EspaÃ±a ğŸ”¥', 'id': '227327854'}]",
30,1518967719516909568,"Nuestra Head de Data &amp; IA @quierodata, estarÃ¡ maÃ±ana en las oficinas de @TheBridge_Tech, para hablar de las oportunidades de crecimiento profesional dentro de KairÃ³s DS.ğŸ¤©   @IrnMM la acompaÃ±arÃ¡ resolviendo cualquier duda sobre KairÃ³s DSâ€¦   Â¿Te veremos allÃ­?ğŸ§¡  #OrgulloKairÃ³s  https://t.co/0hUC9XkPxF",2022-04-26,4295874994,kairos_ds,KairÃ³s DS,5,7,[],
31,1518963397701906433,"Los compaÃ±eros de @TheBridge_Tech nos hablan de #softskills en IT, en #devspega junto a @flyncercom  El valor diferencial de todo profesional.  https://t.co/0On5h6N9hR",2022-04-26,535255114,berrocalruben,RubÃ©n Berrocal,0,0,[],
32,1518910838987501570,#ESTAPASANDO Talento y competencias digitales #SP22 InÃ©s Garcia @TheBridge_Tech Enric Montesa @COEV_COM Leticia Gonzalvez Directora marketing @sesamehr_ La competencia digital demandada en las empresas no son las bÃ¡sicas que todos tenemos.  https://t.co/orPM5iTbPE,2022-04-26,1978768458,cogitivalencia,COGITI Valencia,0,3,[],
33,1518909298688077825,Tenemos que decir que el BURN Mondays de ayer con @TheBridge_Tech fue muy top! ğŸ”â€‹â¤ï¸â€ğŸ”¥,2022-04-26,227327854,burn_es,BURN EspaÃ±a ğŸ”¥,1,3,[],
34,1518607234976161792,"Este jueves Job Market Place en @TheBridge_Tech con @spaingeneration La feria de empleo con el mejor talento de #marketingdigital @AccentureSpain, @Siliconhr1, ... participarÃ¡n en busca del mejor talento. Si eres empresa y quieres participar ğŸ‘‰ https://t.co/0n4iufzfmi  https://t.co/A51YStbfjF",2022-04-25,1162694149956603904,thebridge_tech,The Bridge,0,0,[],
35,1518529871969988608,"""Necesitaba formaciÃ³n tÃ©cnica para potenciar mi empleabilidad"", cuenta nuestra alumni Clara BayÃ³n a @el_pais ğŸ—Tras hacer el #bootcamp en #ciberseguridad ahora trabaja en @DeloitteDE Check it out! ğŸ‘‰ https://t.co/XGIPZfmtx6  https://t.co/7jrVa74qTG",2022-04-25,1162694149956603904,thebridge_tech,The Bridge,0,0,[],
36,1517423870483042304,Mercedes Mac Pherson @Globant : 'Hay un desconocimiento grande del poder de transformaciÃ³n de la tecnologÃ­a' #mujerytecnologÃ­a @TheBridge_Tech  https://t.co/OFDlmziC1y,2022-04-22,734674933217931265,mujeresaseguir,Mujeres a Seguir,0,2,[],
37,1517421295373271041,Sara GÃ³mez @RainG 'La sociedad no sabe lo que hacemos los ingenieros y los tecnÃ³logos' #mujerytecnologÃ­a @TheBridge_Tech @Globant  https://t.co/lYFyIZuW3J,2022-04-22,734674933217931265,mujeresaseguir,Mujeres a Seguir,1,5,[],
38,1517420242120683520,Comienza nuestra segunda mesa 'CÃ³mo construir un futuro que nos representa'. AquÃ­ te dejamos el enlace para seguirnos en streaming  https://t.co/ABQkBBLKmT #mujerytecnologÃ­a @Globant @TheBridge_Tech  https://t.co/kApsKZ04SD,2022-04-22,734674933217931265,mujeresaseguir,Mujeres a Seguir,0,2,[],
39,1517419666938998784,"Carmen Artigas, secretaria de Estado de DigitalizaciÃ³n e Inteligencia Artificial de Asuntos EconÃ³micos y TransformaciÃ³n Digital: 'Es nuestro momento. El momento de las mujeres' #mujerytecnologÃ­a @Globant @TheBridge_Tech  https://t.co/gLjyCQPBRH",2022-04-22,734674933217931265,mujeresaseguir,Mujeres a Seguir,3,5,[],
40,1517418437777240065,"'Nunca se progresa desde el miedo. Hay que arriesgarse disfrutando', Irene Cano @Meta #mujerytecnologÃ­a @TheBridge_Tech @Globant  https://t.co/yaoUnWJIs6",2022-04-22,734674933217931265,mujeresaseguir,Mujeres a Seguir,1,4,[],
41,1517417898133884928,'Hay que tener una apertura de mente en los modelos educativos' MarÃ­a Rotondo @Telefonica  AquÃ­ te dejamos el enlace para seguirnos en streaming  https://t.co/ABQkBBLKmT #mujerytecnologÃ­a @Globant @TheBridge_Tech  https://t.co/dB8tF3prJv,2022-04-22,734674933217931265,mujeresaseguir,Mujeres a Seguir,0,2,[],
42,1517409914792075264,"A dÃ­a de hoy, el 41 % de las  investigaciones pÃºblicas las hacen mujeres. Descubre mÃ¡s datos en numerosas jornada @TheBridge_Tech #mujerytecnologÃ­a   https://t.co/bNRyoB4h6y  https://t.co/ZBQ4299zQW",2022-04-22,734674933217931265,mujeresaseguir,Mujeres a Seguir,0,0,[],
43,1517396691443490816,@MujeresaSeguir @Globant @TheBridge_Tech QuÃ© gran panel!,2022-04-22,15942584,capgemini_es,capgemini_es,0,0,"[{'screen_name': 'MujeresaSeguir', 'name': 'Mujeres a Seguir', 'id': '734674933217931265'}, {'screen_name': 'Globant', 'name': 'Globant', 'id': '23430560'}, {'screen_name': 'TheBridge_Tech', 'name': 'The Bridge', 'id': '1162694149956603904'}]",
44,1517147713254526978,"Â¿Unimos #psicologÃ­a, diseÃ±o #uxui y #realidadvirtual? La respuesta: SÃ! Te invitamos a la mesa redonda del 28 de abril en @TheBridge_Tech donde trataremos el diseÃ±o ux desde el punto de vista del tratamiento de las fobias a travÃ©s de la #vr. Entradas ğŸ‘‰ https://t.co/JGOpD7p2rO",2022-04-21,1162694149956603904,thebridge_tech,The Bridge,0,0,[],
45,1517121644682256385,@MujeresaSeguir @Globant @TheBridge_Tech Apuntado en la agenda ğŸ‘Œ,2022-04-21,1360217897008791554,gemmarbar,Gemma R.B.,0,0,"[{'screen_name': 'MujeresaSeguir', 'name': 'Mujeres a Seguir', 'id': '734674933217931265'}, {'screen_name': 'Globant', 'name': 'Globant', 'id': '23430560'}, {'screen_name': 'TheBridge_Tech', 'name': 'The Bridge', 'id': '1162694149956603904'}]",
46,1517111329374543873,Â¡Gracias a vosotros!,2022-04-21,1162694149956603904,thebridge_tech,The Bridge,0,1,[],https://twitter.com/itep_es/status/1517103356346617856
47,1517103356346617856,"ğŸ“¢Como ya sabÃ©is, antes de #SemanaSanta, nuestro alumnado de la #FPinformÃ¡ticağŸ’» visitaron @TheBridge_Tech. Gracias a su trato hacia #ITEPğŸ”µ y su colaboraciÃ³n os ofrecemos nuevas imÃ¡genes de esa actividadâ€¼ï¸ En ellas queda patente el interÃ©s de la cita ğŸ‘ŒğŸ»  https://t.co/nt0LFYitDB",2022-04-21,220072811,itep_es,ITEP FormaciÃ³n,1,4,[],
48,1516740060346929153,@TheBridge_Tech Otro de los placeres de haber pasado unos meses en esas aulas!! ğŸ˜‰ğŸ‘©ğŸ»â€ğŸ’»,2022-04-20,91124440,mrentem,MaÃ¯ R. Entem ğŸ‘©â€ğŸ’»ğŸ‡ªğŸ‡¦ğŸ‡¨ğŸ‡µğŸ‡ªğŸ‡ºğŸ‡¸ğŸ‡¬ğŸŒğŸš£â€â™€ï¸,0,1,"[{'screen_name': 'TheBridge_Tech', 'name': 'The Bridge', 'id': '1162694149956603904'}]",
49,1516687246241550337,"Â¡QuÃ© bonito es nuestro palacio! ğŸ˜ Todo un privilegio para alumnos, profes y staff poder disfrutar de este espacio en pleno centro de Madrid.",2022-04-20,1162694149956603904,thebridge_tech,The Bridge,0,3,[],https://twitter.com/alicesilverpol/status/1516642096660287489
50,1516642121729679362,"Actualmente acoge las oficinas de The Bridge, una aceleradora de talento digital ğŸ“· @TheBridge_Tech  https://t.co/xgWzxnqdOI",2022-04-20,67597387,alicesilverpol,Alice Silver ğŸ³ï¸â€ğŸŒˆ,0,8,[],
51,1516505700595388430,@bertinha84 @TheBridge_Tech ğŸ‘ğŸ»ğŸ‘ğŸ»ğŸ‘ğŸ»  ğŸ™ŒğŸ»,2022-04-19,16512007,jmnavarro,JM,0,1,"[{'screen_name': 'bertinha84', 'name': 'Berta Otero', 'id': '604485175'}, {'screen_name': 'TheBridge_Tech', 'name': 'The Bridge', 'id': '1162694149956603904'}]",
104,1516440085486575617,"â–¶Os presentamos a JesÃºs, alumni reciÃ©n graduado del #bootcamp de #digitalmarketingops que tras acabar la carrera se lanzÃ³ en busca de una especializaciÃ³n en #MarketingDigital Â¡Gracias JesÃºs por compartir tu experiencia y mucha suerte! ğŸš€ MÃ¡s info ğŸ‘‰ https://t.co/GtnhQmDsGP  https://t.co/4VV7VDyjjP",2022-04-19,1162694149956603904,thebridge_tech,The Bridge,0,1,[],
105,1516070347854028804,@AndreaMaganRey @TheBridge_Tech  https://t.co/fpGUkYnGX4,2022-04-18,604485175,bertinha84,Berta Otero,0,1,"[{'screen_name': 'AndreaMaganRey', 'name': 'Andrea', 'id': '397537147'}]",
106,1516067228344533003,@bertinha84 @TheBridge_Tech A por ello @bertinha84  https://t.co/tz445Lv3mV,2022-04-18,397537147,andreamaganrey,Andrea,0,1,"[{'screen_name': 'bertinha84', 'name': 'Berta Otero', 'id': '604485175'}, {'screen_name': 'TheBridge_Tech', 'name': 'The Bridge', 'id': '1162694149956603904'}]",
107,1516048336477995008,@alinnfm @TheBridge_Tech  https://t.co/0IWmJ42wab,2022-04-18,604485175,bertinha84,Berta Otero,0,0,"[{'screen_name': 'alinnfm', 'name': 'ali', 'id': '3063927221'}]",
108,1516044530348347394,@bertinha84 @TheBridge_Tech Â¡Â¡Que emociÃ³n!! ğŸ¤— Todo lo bueno del mundo para ti en esta etapa ğŸ†,2022-04-18,3063927221,alinnfm,ali,0,1,"[{'screen_name': 'bertinha84', 'name': 'Berta Otero', 'id': '604485175'}, {'screen_name': 'TheBridge_Tech', 'name': 'The Bridge', 'id': '1162694149956603904'}]",
109,1515970019733258247,@bertinha84 Ese nudo es presagio de algo bueno ğŸ˜†Â¡Bienvenida a @TheBridge_Tech ! Muchas horas de #UXUI te esperan ğŸ™Œ Â¡sin miedo!,2022-04-18,1162694149956603904,thebridge_tech,The Bridge,0,1,"[{'screen_name': 'bertinha84', 'name': 'Berta Otero', 'id': '604485175'}]",
110,1515945939508375556,"@marcosDLCS @TheBridge_Tech Lo harÃ©, gracias Marcos ğŸ™‚",2022-04-18,604485175,bertinha84,Berta Otero,0,0,"[{'screen_name': 'marcosDLCS', 'name': 'Marcos de la Calle', 'id': '147003255'}, {'screen_name': 'TheBridge_Tech', 'name': 'The Bridge', 'id': '1162694149956603904'}]",
111,1515944204127645701,@bertinha84 @TheBridge_Tech Mucha suerte en la nueva aventura.  Â¡No olvides compartir tu camino y tus experiencias!   Seguro que son de utilidad para la comunidad.  ğŸ’ª,2022-04-18,147003255,marcosdlcs,Marcos de la Calle,0,1,"[{'screen_name': 'bertinha84', 'name': 'BertiÃ±a', 'id': '604485175'}, {'screen_name': 'TheBridge_Tech', 'name': 'The Bridge', 'id': '1162694149956603904'}]",
112,1515933948001632256,Hoy empiezo en un ratito mi camino en el Ux/ui de la mano de @TheBridge_Tech en su bootcamp. Tengo un nudo enorme en el estÃ³mago y todas las ganas de aprender. A por todas voy!,2022-04-18,604485175,bertinha84,Berta Otero,1,6,[],
113,1513867656180477953,@manufosela @Adalab_Digital @4GeeksAcademyES @socratech_ @TheBridge_Tech @ITAcademy @nebulova_es Muy orgullosos de nuestros Top Notch CodersğŸš€ Mucho Ã¡nimo a esa 6Âª #GeneracionK  de  @kairos_ds con todo lo nuevoğŸ‘,2022-04-12,1026530062923968513,codenotchmad,Codenotch,0,0,"[{'screen_name': 'manufosela', 'name': 'MÃ¡nu Fosela', 'id': '1609031'}, {'screen_name': 'Adalab_Digital', 'name': 'Adalab', 'id': '761153947990097920'}, {'screen_name': '4GeeksAcademyES', 'name': '4Geeks Academy ğŸ‡ªğŸ‡¦', 'id': '1190573036346449920'}, {'screen_name': 'socratech_', 'name': 'SocraTech', 'id': '1402895787735011329'}, {'screen_name': 'TheBridge_Tech', 'name': 'The Bridge', 'id': '1162694149956603904'}, {'screen_name': 'ITAcademy', 'name': 'ITAcademy', 'id': '37276781'}, {'screen_name': 'nebulova_es', 'name': 'nebulova', 'id': '1137336806008066049'}]",
114,1513848281801056258,"De los 21, hay 7 desarrolladoras de @Adalab_Digital, 4 de @4GeeksAcademyES, 2 de @CodenotchMAD, 1 de @socratech_ , 1 de @TheBridge_Tech, 1 de @ITAcademy, 1 de @nebulova_es y de FP-DAW y autodidactas.",2022-04-12,1609031,manufosela,MÃ¡nu Fosela,3,12,[],
115,1513807125205684224,A la vuelta de #SemanaSantaSevilla tocağŸ‘‰ #bootcampsğŸ§‘â€ğŸ’»EspecialÃ­zate en #datascience o #desarrollowebfullstack con nuestros programas en colaboraciÃ³n con @ENCamaraSevilla Â¡Estudia en pleno centro de Sevilla! Y en unos meses sal a comerte el sector techğŸš€ https://t.co/1MQSzZSqLv  https://t.co/ggtxFWCV72,2022-04-12,1162694149956603904,thebridge_tech,The Bridge,1,3,[],
116,1513473323589672963,"ğŸ“…El 25 de abril estrenamos los #BurnMondaysğŸ”¥, con la colaboraciÃ³n de @burn_es, una oportunidad para que nuestr@s alum@s puedan presentar sus proyectos, hacer un taller... En definitiva, mostrar su talento alğŸŒ Â¡Save the date! â¡ Entradas  https://t.co/yzVCLHZXVd   #bootcamps  https://t.co/yZuTjBCGIf",2022-04-11,1162694149956603904,thebridge_tech,The Bridge,1,0,[],
117,1512026991578566657,@burn_es Â¿AlgÃºn que otro? ğŸ˜ Toda energÃ­a extra es bienvenida y necesaria ğŸ”‹ğŸ”¥ Â¡Gracias @burn_es! Pronto haremos buen uso de ella...  https://t.co/p0uELS5eIf,2022-04-07,1162694149956603904,thebridge_tech,The Bridge,0,0,"[{'screen_name': 'burn_es', 'name': 'BURN EspaÃ±a ğŸ”¥', 'id': '227327854'}]",
118,1512007299187027971,"Nos han contado que en @TheBridge_Tech se lo curran mucho... Hemos colado algÃºn que otro BURN, Â¿os viene bien una ayudita de energÃ­a? ğŸ”‹ğŸ”¥",2022-04-07,227327854,burn_es,BURN EspaÃ±a ğŸ”¥,1,6,[],
119,1511970979324518406,En dos semanas empezamos los bootcamps Part Time (compatibles con trabajo/estudios) en #Sevilla y en @ENCamaraSevilla ya hay quiÃ©n ha empezado a calentar!!ğŸ’ª Â¿Preparados para lo que viene? ğŸ‘‰ https://t.co/1KbOQQK8iw,2022-04-07,1162694149956603904,thebridge_tech,The Bridge,0,0,[],https://twitter.com/ENCamaraSevilla/status/1511733833166729224
120,1511633207061630980,@TheBridge_Tech Â¡A vuestra disposiciÃ³n! Â¡Muchas gracias!,2022-04-06,127000294,beajmnz,Bea Jimenez,0,0,"[{'screen_name': 'TheBridge_Tech', 'name': 'The Bridge', 'id': '1162694149956603904'}]",
121,1511613451063410690,"@AndreaMaganRey Hola Andrea Â¡QuÃ© gran trabajo! Estamos encantados de pasarte informaciÃ³n para que puedas completar ese listado, te mandamos un DM ğŸ‘",2022-04-06,1162694149956603904,thebridge_tech,The Bridge,0,0,"[{'screen_name': 'AndreaMaganRey', 'name': 'Andrea', 'id': '397537147'}]",
122,1511329612260950019,@assemblerinstit @TheBridge_Tech @CraftCodeTech @CodeHouseLearn @CodenotchMAD @NeolandStudio @Adalab_Digital @IEuniversity @lemoncoders @codeworks @geeks_academy @penascalf5 Hola. Lo tenemos en formato Json en Git.  https://t.co/x2dnE2VFAB PodÃ©is hacer un PR ;),2022-04-05,41110484,raulcotrina,RaÃºl Cotrina,0,3,"[{'screen_name': 'assemblerinstit', 'name': 'Assembler Institute of Technology', 'id': '1102950803843751936'}, {'screen_name': 'TheBridge_Tech', 'name': 'The Bridge', 'id': '1162694149956603904'}, {'screen_name': 'CraftCodeTech', 'name': 'CraftCode', 'id': '3796274608'}, {'screen_name': 'CodeHouseLearn', 'name': 'CodeHouse Academy', 'id': '1141978357640380416'}, {'screen_name': 'CodenotchMAD', 'name': 'Codenotch', 'id': '1026530062923968513'}, {'screen_name': 'NeolandStudio', 'name': 'NEOLAND', 'id': '733328821504577536'}, {'screen_name': 'Adalab_Digital', 'name': 'Adalab', 'id': '761153947990097920'}, {'screen_name': 'IEuniversity', 'name': 'IE University', 'id': '16825188'}, {'screen_name': 'lemoncoders', 'name': 'lemoncode', 'id': '1334432233'}, {'screen_name': 'codeworks', 'name': 'Codeworks', 'id': '742746004047400960'}, {'screen_name': 'geeks_academy', 'name': 'GeeksHubs Academy', 'id': '4360174396'}, {'screen_name': 'penascalf5', 'name': 'PeÃ±ascalf5', 'id': '1143467134200307717'}]",
123,1511328611755827200,"@raulcotrina @TheBridge_Tech @CraftCodeTech @CodeHouseLearn @CodenotchMAD @NeolandStudio @Adalab_Digital @IEuniversity @lemoncoders @codeworks @geeks_academy @penascalf5 Muy buenas RaÃºl, nos parece una idea increÃ­ble. Â¿Me dices donde te pasamos la informaciÃ³n de los cursos que tenemos actualmente?",2022-04-05,1102950803843751936,assemblerinstit,Assembler Institute of Technology,0,0,"[{'screen_name': 'raulcotrina', 'name': 'RaÃºl Cotrina', 'id': '41110484'}, {'screen_name': 'TheBridge_Tech', 'name': 'The Bridge', 'id': '1162694149956603904'}, {'screen_name': 'CraftCodeTech', 'name': 'CraftCode', 'id': '3796274608'}, {'screen_name': 'CodeHouseLearn', 'name': 'CodeHouse Academy', 'id': '1141978357640380416'}, {'screen_name': 'CodenotchMAD', 'name': 'Codenotch', 'id': '1026530062923968513'}, {'screen_name': 'NeolandStudio', 'name': 'NEOLAND', 'id': '733328821504577536'}, {'screen_name': 'Adalab_Digital', 'name': 'Adalab', 'id': '761153947990097920'}, {'screen_name': 'IEuniversity', 'name': 'IE University', 'id': '16825188'}, {'screen_name': 'lemoncoders', 'name': 'lemoncode', 'id': '1334432233'}, {'screen_name': 'codeworks', 'name': 'Codeworks', 'id': '742746004047400960'}, {'screen_name': 'geeks_academy', 'name': 'GeeksHubs Academy', 'id': '4360174396'}, {'screen_name': 'penascalf5', 'name': 'PeÃ±ascalf5', 'id': '1143467134200307717'}]",
208,1509622664297693189,"Cuando piensas en un hacker... Â¿Te imaginas a una mujer? ğŸ¤” ""Son muy pocas las mujeres que deciden apostar por estudios de tecnologÃ­a, hay que fomentar la inclusiÃ³n de las mujeres en un mercado laboral con un futuro muy prometedor"", explica @ikerarceseco ğŸ‘©â€ğŸ’» https://t.co/UQgHL1tLCQ",2022-03-31,1162694149956603904,thebridge_tech,The Bridge,0,0,[],
209,1509126320386715655,Hemos colaborado con @TheBridge_Tech aportando el proyecto final de los alumnos para el DesafÃ­o de Tripulaciones y premiando a los 3 grupos con una donaciÃ³n para la ONG de su elecciÃ³n. IncreÃ­bles resultados en tiempo rÃ©cordğŸ¤© #apoyamoseltalentotech  https://t.co/vJ5HdV6gSN  https://t.co/LpSUpFtdfp,2022-03-30,1402182570314539009,thefringelabs,TheFringe/LABS,1,4,[],
210,1509108619782111235,Â¡LlegÃ³ el dÃ­a! Hoy es el #DesafiodeTripulaciones âš” en el campus de #Valencia Â¡Mucha suerte a toda esa primera promociÃ³n valenciana presentando sus sÃºper webapps! No te lo pierdas â–¶ Sigue ya el DIRECTO aquÃ­  https://t.co/lLXz2wKxaX  #datascience #fullstackwebdevelopment #bootcamp,2022-03-30,1162694149956603904,thebridge_tech,The Bridge,2,1,[],
211,1509101924699803650,Seguimos con la 2mesa #ForoVocentoEducaciÃ³n: FormaciÃ³n para el futuro y las nuevas profesionales que vienen. Participan: â–ªï¸ @JuanJoseJuarez @FBertelsmann â–ªï¸ @mortizcotro @FundCreate â–ªï¸ Iker Arce @TheBridge_Tech â–ªï¸ Gabriel Masfurroll @UABBarcelona ğŸ”´DIRECTO  https://t.co/8xxFlqVpCP  https://t.co/3qAkFVQ9bs,2022-03-30,1197839987867373568,vocentoeventos,vocentoEventos,2,8,[],
212,1509074925654532099,"A partir de las 11h nuestro CEO @ikerarceseco participa en el #ForoVocentoEducacion en el debate ""FormaciÃ³n para el futuro y las nuevas profesiones que vienen"" organizado por @Vocento (@vocentoeventos) y @KreabEspana. SÃ­gueloğŸ”´EN DIRECTO â¡  https://t.co/JFh6RBMBd4  https://t.co/RJvjrxULch",2022-03-30,1162694149956603904,thebridge_tech,The Bridge,0,4,[],https://twitter.com/vocentoeventos/status/1508828414920253443
213,1508843117000249345,2âƒ£ FORMACIÃ“N PARA EL FUTURO Y LAS NUEVAS PROFESIONES QUE VIENEN â–ªï¸ @JuanJoseJuarez (@FBertelsmann) â–ªï¸ @mortizcotro (@FundCreate) â–ªï¸ Iker Arce (@TheBridge_Tech) â–ªï¸ Gabriel Masfurroll (@UABBarcelona) Modera: Antonio San JosÃ© (@asanjoseperez) (@KreabEspana)  #ForoVocentoEducaciÃ³n  https://t.co/kMY2q5gEZE,2022-03-29,1197839987867373568,vocentoeventos,vocentoEventos,1,3,[],
214,1507711509467734019,"Jaime, estoy seguro de que en @TheBridge_Tech , la aceleradora de talento digital lÃ­der en nuestro paÃ­s, estarÃ­an encantados de ayudarte en la organizaciÃ³n de ese Hackhaton. Al menos yo lo estoy ğŸ˜‰",2022-03-26,41545659,nodosenlared,Mario Lopez de Avila,2,6,[],https://twitter.com/JaimeObregon/status/1507697770366484482
215,1507059034146361344,"La @camaradesevilla organiza junto al Grupo Planeta y su presidente JosÃ© Lara, este encuentro con las empresas #ClubCÃ¡mara para recoger las necesidades del #SectorTecnolÃ³gico y presentar nuestra oferta de #Bootcamps de la mano de @TheBridge_Tech  https://t.co/rJkWd5MKT8  https://t.co/J6SHTHXylM",2022-03-24,163586106,encamarasevilla,Escuela de Negocios,4,7,[],
216,1507029045187387401,Hoy han venido a visitarnos los alumnos de @itep_es de #DAM #ASIR y #MARKETING para conocer nuestro campus de Madrid y el futuro de profesiones tecnolÃ³gicas como las suyas Â¡Esperamos que hayais pasado una estupenda jornada! Sois los profesionales #techie del maÃ±ana ğŸ‘©â€ğŸ’»ğŸ§‘â€ğŸ’»  https://t.co/U1gPnU7TgI,2022-03-24,1162694149956603904,thebridge_tech,The Bridge,0,1,[],
217,1506941441574117378,"Â¿Crees que lo sabes todo?ğŸ¤“Â¡DÃ©jate sorprender! AdÃ©ntrate en el mundo de la #ProgramacionWeb y las criptomonedas, conoce la metolodogÃ­a #Scrum o profundiza en el #deeplearning. ApÃºntate a nuestros talleres gratuitos y amplÃ­a horizontes ğŸ‘‰ https://t.co/bYfstQB02R  https://t.co/O1Y4J6puMR",2022-03-24,1162694149956603904,thebridge_tech,The Bridge,0,0,[],
218,1504734193401618459,"Â¡Comenzamos el #Desafiodetripulaciones âš” de la promo full time de noviembre! El tema de los proyectos: el #coliving, con la colaboraciÃ³n de @TheFringeLABS  Â¡No te pierdas las web apps que han creado! ğŸ”´EN DIRECTO  https://t.co/PepMdUmCMu",2022-03-18,1162694149956603904,thebridge_tech,The Bridge,4,5,[],
219,1504525515247472649,"ğŸ‰ Congrats to @simplilearn, @TheBridge_Tech, @thinkful, and @udacity who made it on our list of the 14 Best Digital Marketing Bootcamps of 2022!  https://t.co/tgUf4qX2DX  https://t.co/MIhFTrM9lA",2022-03-17,1941897590,coursereport,Course Report,0,0,[],
220,1504416870526590977,"MÃ¡s de 300.000 expertos en #ciberseguridad se han unido en una especie de ""ejÃ©rcito IT"" en Ucrania para llevar a cabo ataques informÃ¡ticos contra infraestructuras y empresas rusas ğŸ‘¾ğŸ”“ https://t.co/CERWGVqWQw",2022-03-17,1162694149956603904,thebridge_tech,The Bridge,0,0,[],
221,1504380116792664064,"En 2021, las instituciones que forman profesionales digitales con modelos de Bootcamp prepararon a mÃ¡s personas que el 94% de las universidades espaÃ±olas @Adalab_Digital @TheBridge_Tech @ironhack  https://t.co/zyzeLrNdLo",2022-03-17,209496112,carlosguardiola,Carlos L. Guardiola,0,5,[],
222,1503808574987935757,"ğŸ” We've combed through student &amp; alumni reviews to find the 17 Best Cyber Security Bootcamps of 2022, including @Level_Effect, @nexgent, @simplilearn, @Springboard, and @TheBridge_Tech!   https://t.co/t9VCetS80T  https://t.co/uhS3m8KSBT",2022-03-15,1941897590,coursereport,Course Report,2,3,[],
223,1503513313648463877,@PICKYUAN @TheBridge_Tech @PagePersonnel Yo por experiencia te dirÃ­a que busques otra escuela. Cuando las cosas funcionan bien todo muy bonito ahora cuando noâ€¦ no hacen nada y te dicen que esto es lo que hay ğŸ˜…ğŸ¤¦â€â™‚ï¸,2022-03-15,295720842,soyelsimo,Pep Iberico,0,0,"[{'screen_name': 'PICKYUAN', 'name': 'PICKY', 'id': '414032513'}, {'screen_name': 'TheBridge_Tech', 'name': 'The Bridge', 'id': '1162694149956603904'}, {'screen_name': 'PagePersonnel', 'name': 'Page Personnel FR', 'id': '15998326'}]",
224,1503409219789328384,Â¡Muy contentos por todos ellos! 100% empleabilidad en la promociÃ³n de junio. Gracias desde @TheBridge_Tech por confiar y ponerlo todo tan fÃ¡cil Â¡Felicidades! #fullstackdevelopers #datascientists #digitalmarketers #uxuidesigners #cybersecurityanalysts ğŸ¯ğŸ’¼  https://t.co/R0eGi9QXv5,2022-03-14,1162694149956603904,thebridge_tech,The Bridge,1,3,[],
225,1502360507365400587,"ğŸ‘¾La #ciberseguridad, mÃ¡s necesaria que nunca.  El #sectortecnolÃ³gico pide mÃ¡s financiaciÃ³n y formaciÃ³n de profesionales para evitar ataques a sectores claves para la economÃ­a como energÃ­a, finanzas y transporte ğŸ”’Â  https://t.co/OxY8JpRavS",2022-03-11,1162694149956603904,thebridge_tech,The Bridge,0,0,[],
226,1502195577584500740,Â¿AlgÃºn identificado en la sala? ğŸ˜‚  #desarrolloweb #css #fullstackdeveloper,2022-03-11,1162694149956603904,thebridge_tech,The Bridge,0,0,[],https://twitter.com/dinaelurdaneta/status/1501901625241346048
227,1501543878692073472,Faltan por salir las listas de #UXUIProductDesign #DataScience y #DesarrolloWebFullStack Â¡SerÃ­a estupendo volver a aparecer!,2022-03-09,1162694149956603904,thebridge_tech,The Bridge,0,1,[],
516,1500124541137428490,DÃ­a para agradecer a @TheBridge_Tech y @Glovo_ES la oportunidad que han dado a estos dos cracks para formarse con @codeorg en programaciÃ³n por bloques en un curso de 48 horas de duraciÃ³n. Bravo ğŸ™Œ  ğŸ”ğŸ¦¸ğŸ»â€â™‚ï¸ğŸ¦¸ğŸ»â€â™€ï¸ğŸ­ğŸ‡ªğŸ‡¸  https://t.co/ZTCrroHQTc,2022-03-05,363153431,pablooliete,Pablo Oliete,0,13,[],
517,1499397980704546831,[OpiniÃ³n] Por mÃ¡s mujeres lÃ­deres en tecnologÃ­a  https://t.co/FqVeFL1ljq  https://t.co/SFOFIEv1Uo @TheBridge_Tech  https://t.co/kBo9xGdGrU,2022-03-03,742380996688023552,poder_liderazgo,@Poderyliderazgo.cl,0,0,[],
518,1499397820410851332,[OpiniÃ³n] Por mÃ¡s mujeres lÃ­deres en tecnologÃ­a -  https://t.co/FqVeFL1ljq @TheBridge_Tech  https://t.co/TE5sXsBaAT,2022-03-03,742380996688023552,poder_liderazgo,@Poderyliderazgo.cl,0,0,[],
519,1499395478563155968,"@PICKYUAN @PagePersonnel Sentimos mucho el fallo tÃ©cnico. Revisaremos que pudo pasar, pueden conectarse a prÃ³ximos eventos o contactarnos si quieren mÃ¡s informaciÃ³n sobre la escuela llamar al 919 01 72 57 Â¡Gracias!",2022-03-03,1162694149956603904,thebridge_tech,The Bridge,0,1,"[{'screen_name': 'PICKYUAN', 'name': 'PICKY', 'id': '414032513'}, {'screen_name': 'PagePersonnel', 'name': 'Page Personnel FR', 'id': '15998326'}]",
520,1499088433293185033,"@TheBridge_Tech @PagePersonnel Mi hijo y yo nos apuntamos con muchos dÃ­as de antelaciÃ³n Hoy a las 7 nos conectamos y aparece el mensaje ""Enlace caducado"": no nos hemos podido conectar Es una pena que, ademÃ¡s de tener que recurrir a lo on-line, con la frialdad que supone, ocurran estos fallos tÃ©cnicos Muy mal",2022-03-02,414032513,pickyuan,PICKY,0,0,"[{'screen_name': 'TheBridge_Tech', 'name': 'The Bridge', 'id': '1162694149956603904'}, {'screen_name': 'PagePersonnel', 'name': 'Page Personnel FR', 'id': '15998326'}]",
521,1498939760462630913,"Â¡Empezamos el 21 de marzo en #Sevilla! No te puedes perder este taller de empleabilidad con el que arrancamos ğŸš€ Entradas:  https://t.co/91M74qEah2 ğŸ“…Hoy a las 19h ğŸ“C/Isabela 1, Sevilla @ENCamaraSevilla  https://t.co/euWktCKqYp",2022-03-02,1162694149956603904,thebridge_tech,The Bridge,0,1,[],
522,1498249085337444355,"Toma contacto con el #marketingdigital de la mano de @TheBridge_Tech. Aprende a usar el contenido, el email, las redes sociales y la publicidad digital en este taller impartido por @jpereznavarreteğŸ“  ğŸ“…Jueves 3 de marzo, 18-19h (online)  #EventoDeLaSemana  #masterclass #MyNews",2022-02-28,91372157,mynews_es,MyNews,0,2,[],
523,1498212250481483778,Gracias @insidezeusdata y @vicencf por la jornada formativa Â¡Fue toda una experiencia para nuestros alumnos de #Valencia! ğŸ¤—,2022-02-28,1162694149956603904,thebridge_tech,The Bridge,0,2,[],https://twitter.com/insidezeusdata/status/1497198545333624832
524,1497198545333624832,Nuestro PMO @vicencf da una clase a los alumnos de @TheBridge_Tech  en nuestras instalaciones ğŸš€  #bigdata #data #education  https://t.co/jiskmovU0m,2022-02-25,763323065199628288,insidezeusdata,Zeus,1,4,[],
525,1497165125752664112,"Â¡#Datascientist mirad esto! âš½ğŸƒ CÃ³mo @LaLiga utiliza el dato y la inteligencia artificial (IA) para predecir cuÃ¡les son las mejores fechas para celebrar partidos, monitorizar la venta de entradas... Â¡Interesante conocer su filial @LaLigaTech!  https://t.co/HrEwHLEivh #datascience",2022-02-25,1162694149956603904,thebridge_tech,The Bridge,0,1,[],
526,1497118969236377601,Â¡Gracias a vosotros! Los alumnos se llevaron grandes consejos y una visiÃ³n del mercado laboral en profesiones #tech desde la perspectiva de #seleccion y #recruitment ğŸ¤© @PagePersonnelES @michaelpage_es,2022-02-25,1162694149956603904,thebridge_tech,The Bridge,0,1,[],https://twitter.com/michaelpage_es/status/1496865773582696449
527,1496865773582696449,"Hace unos dÃ­as, nuestras compaÃ±eras InÃ©s Bdiri y Alba Calvo estuvieron en la Aceleradora de Talento digital @TheBridge_Tech para contar a sus alumnos las ""best practices"" en la bÃºsqueda de empleo y Â¡fue un Ã©xito! ğŸ‘  Â¡Gracias a todos los asistentes!ğŸ™Œ  https://t.co/JLvRI7z6Ti",2022-02-24,198936952,michaelpage_es,Michael Page EspaÃ±a,0,0,[],
528,1496140777529004033,"Si veis estos carteles por Sevilla, SÃ, SOMOS NOSOTROS! Aterrizamos en marzo con los #bootcamps en #DataScience y #DesarrolloWebFullStack Â¡Pide informaciÃ³n sin compromiso! En colaboraciÃ³n con @ENCamaraSevilla y @camaradesevilla ğŸ‘  https://t.co/V8mmlFAlEc  https://t.co/JUOBlK4F7V",2022-02-22,1162694149956603904,thebridge_tech,The Bridge,2,2,[],
529,1496021941483802630,ğŸ“¢Â¡Ãšltima semana! AÃºn puedes solicitar una de las becas que otorgamos junto a @IndraCompany para la realizaciÃ³n de un #bootcamp de Desarrollo Web Full-stack en @TheBridge_Tech ğŸ’»  ğŸ’»10 #becas dirigidas a personas con #discapacidad con formaciones #STEM ğŸ“²  https://t.co/ubL3Gyg3Gl  https://t.co/yHUvz4zCXG,2022-02-22,589903453,funiversia,FundaciÃ³n Universia,1,6,[],
530,1495710690950193155,"Â¡Nuevos eventos para febrero y marzo! Talleres sobre #IA, #marketingdigital #empleabilidad, #ciber, #datascience Â¡No te los pierdas e inscrÃ­bete! â¬‡ï¸  https://t.co/bSsTjrDH8l  https://t.co/4b1jxJmMLO",2022-02-21,1162694149956603904,thebridge_tech,The Bridge,0,0,[],
531,1495055146769915908,Yo he caÃ­do en el bootcamp de Data science de @TheBridge_Tech en madrid. Si valor agregado consiste en presionarte para que aprendas por tu cuenta. Si no aprendes es tÃº culpa porque su mÃ©todo es muy sÃ³lido. Aunque se queje el 50% de la clase.,2022-02-19,295720842,soyelsimo,Pep Iberico,1,0,[],https://twitter.com/iamdoomling/status/1494845403182735360
532,1494627201794428930,Â¿AÃºn no has solicitado tu beca para el #bootcamp de Desarrollo Web Full-stack en @TheBridge_Tech? Si tienes #discapacidad y una formaciÃ³n universitaria #STEM puedes recibir una de las 10 becas de @IndraCompany y @FUniversia ğŸ“²Â¡InscrÃ­bete ya!  https://t.co/wYjp06QE9c  https://t.co/bLDY1DVOKa,2022-02-18,73355170,indracompany,Indra,5,8,[],
533,1493639257587601413,Presentando nuestra 2Âª ediciÃ³n del Programa de Mentoring de forma presencial en @TheBridge_Tech. Encantadas con la asistencia y el apoyo de nuestros mentores y mentees ğŸ™‚ğŸ™‚ Muchas gracias!! #womenincyber #W4C  https://t.co/JcPYHB5Aze,2022-02-15,1319233294198857728,women4cyber_sp,Women4Cyber_Spain,1,8,[],
534,1492946377290178564,@peritecno @jcgalindo_ @Women4Cyber_SP @TheBridge_Tech @bbva @sanitas @unicc_ict @EduvigisOrtiz @tima_soni QuÃ© pena no poder asistir de manera presencial y poder conocer al resto de mentores y mentees,2022-02-13,1319221643634495489,aibot_cdh,AI_Bot,0,2,"[{'screen_name': 'peritecno', 'name': 'periciatecnologica', 'id': '981508377942659073'}, {'screen_name': 'jcgalindo_', 'name': 'Juan Carlos Galindo', 'id': '127555353'}, {'screen_name': 'Women4Cyber_SP', 'name': 'Women4Cyber_Spain', 'id': '1319233294198857728'}, {'screen_name': 'TheBridge_Tech', 'name': 'The Bridge', 'id': '1162694149956603904'}, {'screen_name': 'bbva', 'name': 'BBVA', 'id': '16808626'}, {'screen_name': 'sanitas', 'name': 'Sanitas', 'id': '14975940'}, {'screen_name': 'unicc_ict', 'name': 'UN International Computing Centre', 'id': '624719284'}, {'screen_name': 'EduvigisOrtiz', 'name': 'Eduvigis Ortiz', 'id': '2819387949'}, {'screen_name': 'tima_soni', 'name': 'Tima Soni', 'id': '1460319072164499461'}]",
535,1492557029046632448,@uxbs_podcast El bootcamp de @TheBridge_Tech,2022-02-12,1488306026025783301,soyuxpuntocom,Miriam Sanchez,1,4,"[{'screen_name': 'uxbs_podcast', 'name': 'Cris | Product Designer', 'id': '1196567886917226496'}]",
556,1492085613713141760,"Hoy se celebra VLC Tech Women con motivo del #DiaDeLaMujeryLaNiÃ±aEnLaCiencia, un evento en el que se hablarÃ¡ de inteligencia artificial, datos y el futuro de la mujer en la tecnologÃ­a @AcmUpv @AcmWUpv  https://t.co/OhDBKHnsQQ Â¡Promete ser muy interesante!ğŸ‘©â€ğŸ’»",2022-02-11,1162694149956603904,thebridge_tech,The Bridge,1,0,[],
557,1491801710729195524,"Sevilla estÃ¡ llena de talentos digitales por descubrir Â¿te animas a conocer las profesiones del futuro?ğŸ§‘â€ğŸ’»Ven al taller y conoce de la mano de @pagepersonnel los perfiles mÃ¡s demandados Â¡Saca tus entradas!ğŸ‘‰ 2 de marzo, 19h.  https://t.co/5UMpplARdX",2022-02-10,1162694149956603904,thebridge_tech,The Bridge,1,1,[],
558,1490999359579643909,Â¡Feliz martes porque podemos anunciar que los Proptech Thursdays aterrizan en Madrid el 3 de marzo! ğŸ‰Hemos creado estos eventos mensuales con la colaboraciÃ³n de @apicatalunya  y @TheBridge_Tech  y podÃ©is reservar vuestras entradas en este enlace:  https://t.co/cHFFfDUA9Z,2022-02-08,1402182570314539009,thefringelabs,TheFringe/LABS,0,2,[],
559,1490973768667512835,AÃºn puedes solicitar una de las becas que otorgamos junto a @IndraCompany para la realizaciÃ³n de un #bootcamp de Desarrollo Web Full-stack en @TheBridge_Tech ğŸ’»  Son 10 #becas dirigidas a personas con #discapacidad con formaciones #STEM ğŸ“²  https://t.co/ubL3GyycUt  https://t.co/KAzkvXPFkY,2022-02-08,589903453,funiversia,FundaciÃ³n Universia,0,3,[],
560,1490430578633674756,Muchas ganas de hablar este martes con alumnos de @TheBridge_Tech acerca de como hacemos #DataScience #MachineLearning en Decathlon  https://t.co/asAw5W6uht  https://t.co/4HOtEnbx7P,2022-02-06,124512688,antoniolopezg,Antonio LÃ³pez,0,1,[],
561,1489249806249644040,AutomatizaciÃ³n y el Covid-19 en el horizonte del nuevo trabajador  https://t.co/aA3d4D199h #TalentoProfesional #TheBridge #Automatizacion @thebridge_tech,2022-02-03,720372640192405504,zoomtecnochile,Zoom Tecnologico,0,1,[],
562,1489181416818724864,Â¡Nos visita @DecathlonES ! Si te interesa la ciencia de datos y cÃ³mo se aplica a proyectos reales Â¡ApÃºntate al evento! ğŸ‘‡ El 8 de febrero a las 17.30h ğŸ˜‰ #datascience #bestpractice #freeevent  https://t.co/pXyFXll3fa,2022-02-03,1162694149956603904,thebridge_tech,The Bridge,1,3,[],
563,1488811177928921089,"Cada vez se habla mÃ¡s de las ""soft skills"" y de lo importante que son para aplicar a posiciones tecnolÃ³gicas Â¡Descubre cuÃ¡les son en nuestro evento ""Soft Skills en tiempos de robots""! Saca tu entrada ğŸ‘‡  https://t.co/PfcDscwDtP",2022-02-02,1162694149956603904,thebridge_tech,The Bridge,0,0,[],
564,1488552725113618439,ğŸ”¥ Â¡Impulsa tu carrera profesional con los nuevos #BootCamps de la @encamarasevilla!  âœ…Participa en el #OpenDay de los BootcampsğŸš€ de Data Science y Desarrollo Web Full Stack con @TheBridge_Tech.  MÃ¡s informaciÃ³n en â¤µ   https://t.co/CspTlfsJR8  https://t.co/ModB2H17pc,2022-02-01,106344840,camaradesevilla,CÃ¡mara de Comercio de Sevilla,2,2,[],
565,1488167222979801095,AÃºn puedes solicitar una de las becas que otorgamos junto a @FUniversia para la realizaciÃ³n de un #bootcamp de Desarrollo Web Full-stack en @TheBridge_Tech ğŸ’» Son 10 #becas dirigidas a personas con #discapacidad con formaciones #STEM ğŸ“²  https://t.co/wYjp06QE9c  https://t.co/OYCENTaRMr,2022-01-31,73355170,indracompany,Indra,2,6,[],
566,1486618465909854214,"@kenia913 @_JorgeSLL_ @ChemaCorbacho @InesSainzOf @CHANCE_es @TheBridge_Tech No es asÃ­. Hay una carrera universitaria llamada Ciencia de Datos y tambiÃ©n postgrados, pero lo que ha hecho ella es un curso de 15 semanas que no require tener estudios previos, el Ãºnico requisito haber cumplido 18 aÃ±osâ€¦ 15 semanas de curso y se autodefine como â€œCientÃ­ficaâ€ ğŸ¤¦ğŸ»â€â™€ï¸",2022-01-27,1961523644,pumuckey,Pumuckey,0,0,"[{'screen_name': 'kenia913', 'name': 'kenia91', 'id': '998302016886792192'}, {'screen_name': '_JorgeSLL_', 'name': 'JorgeSLL', 'id': '1326843482'}, {'screen_name': 'ChemaCorbacho', 'name': 'JMCM ğŸ‡ºğŸ‡¦ğŸ‡·ğŸ‡º', 'id': '712392934'}, {'screen_name': 'InesSainzOf', 'name': 'InÃ©s Sainz', 'id': '1442117452440113161'}, {'screen_name': 'CHANCE_es', 'name': 'CHANCE', 'id': '89436106'}, {'screen_name': 'TheBridge_Tech', 'name': 'The Bridge', 'id': '1162694149956603904'}]",
567,1486398530243735553,"ğŸ‘ @FUniversia, @IndraCompany y @TheBridge_Tech ponen en marcha programa de formaciÃ³n tecnolÃ³gica gratuita para personas con discapacidad.  Lee mÃ¡s aquÃ­ ğŸ‘‰  https://t.co/8S1QiTK66I  https://t.co/I2gFpUMUnG",2022-01-26,1025174114535923712,soyvalor,Valor Compartido,0,1,[],
568,1485946677194371074,"ğŸ“°@UniversiaES, @IndraCompany i @TheBridge_Tech signen un acord per a engegar un programa de #beques dirigit a persones amb discapacitat que compten amb estudis #STEM, als quals donaran accÃ©s a un bootcamp d'aprenentatge en Desenvolupament Web Full-stack   https://t.co/dd3G8smkNU  https://t.co/kwtYcCiyBV",2022-01-25,479678741,associacioacec,ACEC +,0,1,[],
569,1485581825401577472,Â¡Open Day Sevilla! Asiste al evento y conoce mÃ¡s sobre los bootcamps de #DataScience y #DesarrolloWebFullStack en nuestra nueva sede en la @ENCamaraSevilla @camaradesevilla Â¿EstÃ¡s pensando en acelerar tu carrera digital?  ğŸ‘©â€ğŸ’»Saca ya tus entradasğŸš€ https://t.co/j6mTRz4NDB,2022-01-24,1162694149956603904,thebridge_tech,The Bridge,3,3,[],
570,1484832209567551489,"Â¡Inside The Bridge! Â¡EmociÃ³n a flor de piel! AsÃ­ reacciona Miriam SÃ¡nchez, la profe de UX/UI a los #proyectosfinales de los alumnos Â¡Se puede decir que ya son UX/UI Designers! ğŸ˜†  #uxui #bootcamp #clases #motivacion #palabrasraras  https://t.co/bU5ZaGcTPV",2022-01-22,1162694149956603904,thebridge_tech,The Bridge,1,1,[],
